Temperature,Energy,Magnetization
1.3,-0.9852708333333333,0.0002760416666666667
1.3022022022022022,-0.98725,0.00016666666666666666
1.3044044044044045,-0.955046875,0.000109375
1.3066066066066067,-0.986671875,-0.00017708333333333335
1.3088088088088088,-0.980515625,-0.00015104166666666667
1.3110110110110111,-0.9459895833333334,-0.00020833333333333335
1.3132132132132133,-0.9852604166666666,0.00010416666666666667
1.3154154154154154,-0.9586197916666667,-0.000359375
1.3176176176176178,-0.9819895833333333,-9.895833333333333e-05
1.3198198198198199,-0.9821614583333333,-0.00016145833333333333
1.322022022022022,-0.9840208333333333,-0.0002760416666666667
1.3242242242242244,-0.9869010416666667,-3.125e-05
1.3264264264264265,-0.9855260416666667,-0.0004947916666666667
1.3286286286286286,-0.9787083333333333,9.375e-05
1.330830830830831,-0.985828125,0.0
1.333033033033033,-0.9838229166666667,-0.0002760416666666667
1.3352352352352352,-0.9822916666666667,-6.770833333333333e-05
1.3374374374374374,-0.9720104166666667,-0.000265625
1.3396396396396397,-0.9825572916666667,-0.00026041666666666666
1.3418418418418419,-0.97865625,-7.8125e-05
1.3440440440440442,-0.9818333333333333,0.00010416666666666667
1.3462462462462463,-0.97059375,5.208333333333334e-05
1.3484484484484485,-0.9848489583333333,0.00028645833333333333
1.3506506506506506,-0.979453125,0.00022395833333333333
1.352852852852853,-0.9823072916666666,0.00014583333333333335
1.355055055055055,-0.973015625,0.00019270833333333333
1.3572572572572572,-0.9826510416666666,-0.00044791666666666667
1.3594594594594596,-0.9803072916666666,5.7291666666666666e-05
1.3616616616616617,-0.9256614583333334,-0.00075
1.3638638638638638,-0.981125,0.000359375
1.3660660660660662,-0.9800052083333334,-0.00044791666666666667
1.3682682682682683,-0.9750416666666667,-0.000171875
1.3704704704704704,-0.9836354166666667,-0.000390625
1.3726726726726728,-0.97728125,0.00047916666666666664
1.374874874874875,-0.9711875,-0.0002916666666666667
1.377077077077077,-0.9808645833333334,-0.00013541666666666666
1.3792792792792794,-0.9619270833333333,-0.00034895833333333334
1.3814814814814815,-0.98246875,0.00011979166666666666
1.3836836836836837,-0.972234375,0.00044791666666666667
1.385885885885886,-0.9806666666666667,0.000296875
1.3880880880880881,-0.9835625,0.00016145833333333333
1.3902902902902903,-0.9784322916666667,0.000375
1.3924924924924926,-0.9785260416666667,0.0
1.3946946946946948,-0.9771145833333333,-1.5625e-05
1.396896896896897,-0.9777291666666666,-8.854166666666667e-05
1.3990990990990992,-0.98246875,3.125e-05
1.4013013013013014,-0.98084375,-0.000140625
1.4035035035035035,-0.976125,1.0416666666666666e-05
1.4057057057057059,-0.961515625,-3.125e-05
1.407907907907908,-0.9824322916666667,-6.25e-05
1.4101101101101101,-0.9809427083333333,6.770833333333333e-05
1.4123123123123125,-0.9802395833333334,9.895833333333333e-05
1.4145145145145146,-0.9806145833333333,6.770833333333333e-05
1.4167167167167167,-0.977578125,-4.1666666666666665e-05
1.4189189189189189,-0.97703125,-7.291666666666667e-05
1.4211211211211212,-0.9811458333333334,-1.5625e-05
1.4233233233233233,-0.97575,-0.000109375
1.4255255255255257,-0.9772083333333333,0.00018229166666666667
1.4277277277277278,-0.9760364583333333,-0.0002552083333333333
1.42992992992993,-0.9786979166666666,0.0002708333333333333
1.432132132132132,-0.9682395833333334,0.000265625
1.4343343343343344,-0.9774479166666666,-0.00011458333333333333
1.4365365365365366,-0.9725052083333333,-0.0004583333333333333
1.4387387387387387,-0.9696927083333333,-9.375e-05
1.440940940940941,-0.9750833333333333,0.00021875
1.4431431431431432,-0.9788802083333333,-9.375e-05
1.4453453453453453,-0.9712135416666666,-0.0002916666666666667
1.4475475475475477,-0.9777552083333333,4.6875e-05
1.4497497497497498,-0.9747291666666666,0.000359375
1.451951951951952,-0.97121875,0.000234375
1.4541541541541543,-0.977234375,-0.0004895833333333333
1.4563563563563564,-0.9750104166666667,-0.00038541666666666667
1.4585585585585585,-0.9718645833333334,-6.770833333333333e-05
1.460760760760761,-0.96653125,0.0005833333333333334
1.462962962962963,-0.97253125,0.00022916666666666666
1.4651651651651652,-0.9754479166666666,-0.000171875
1.4673673673673675,-0.9733489583333333,-6.25e-05
1.4695695695695696,-0.9403333333333334,-0.0006302083333333333
1.4717717717717718,-0.9694583333333333,0.0003385416666666667
1.4739739739739741,-0.9585677083333334,-0.0004635416666666667
1.4761761761761762,-0.9619635416666666,0.00034375
1.4783783783783784,-0.9707864583333333,-0.00028125
1.4805805805805807,-0.9701614583333333,-4.6875e-05
1.4827827827827829,-0.9736197916666667,-0.00018229166666666667
1.484984984984985,-0.9628489583333333,-0.00023958333333333332
1.4871871871871871,-0.9742708333333333,-4.6875e-05
1.4893893893893895,-0.9712395833333334,0.0005104166666666666
1.4915915915915916,-0.9740260416666666,-0.000171875
1.493793793793794,-0.9678645833333334,0.00023958333333333332
1.495995995995996,-0.9718489583333333,-0.0006666666666666666
1.4981981981981982,-0.9629270833333333,0.00021875
1.5004004004004003,-0.9703177083333333,0.00013541666666666666
1.5026026026026027,-0.9720520833333334,-0.000296875
1.5048048048048048,-0.9701770833333333,0.00010416666666666667
1.5070070070070072,-0.9691822916666667,6.25e-05
1.5092092092092093,-0.9469270833333333,-0.00030729166666666665
1.5114114114114114,-0.9447395833333333,-0.00020833333333333335
1.5136136136136136,-0.969,0.00030208333333333335
1.515815815815816,-0.967703125,-2.604166666666667e-05
1.518018018018018,-0.970109375,1.0416666666666666e-05
1.5202202202202202,-0.9710677083333333,0.00026041666666666666
1.5224224224224225,-0.969375,-3.6458333333333336e-05
1.5246246246246247,-0.9618489583333333,-0.0006354166666666666
1.5268268268268268,-0.9669895833333333,-5.7291666666666666e-05
1.5290290290290292,-0.9525104166666667,0.000359375
1.5312312312312313,-0.9674322916666667,-0.00030208333333333335
1.5334334334334334,-0.967171875,0.00021875
1.5356356356356358,-0.96721875,-0.0003177083333333333
1.537837837837838,-0.9663177083333333,-7.291666666666667e-05
1.54004004004004,-0.9631979166666667,8.854166666666667e-05
1.5422422422422424,-0.9660416666666667,0.00036458333333333335
1.5444444444444445,-0.9575520833333333,0.00020833333333333335
1.5466466466466466,-0.9659635416666666,-0.00026041666666666666
1.548848848848849,-0.967203125,-5.208333333333334e-05
1.5510510510510511,-0.9652395833333334,-0.0002916666666666667
1.5532532532532533,-0.966546875,-0.00021354166666666668
1.5554554554554554,-0.96559375,0.0006510416666666666
1.5576576576576577,-0.9653802083333334,0.00011979166666666666
1.5598598598598599,-0.9658854166666667,1.5625e-05
1.5620620620620622,-0.961828125,-0.0009010416666666666
1.5642642642642643,-0.9615625,1.0416666666666666e-05
1.5664664664664665,-0.9655052083333333,0.00017708333333333335
1.5686686686686686,-0.957484375,0.000359375
1.570870870870871,-0.9585729166666667,-0.00022395833333333333
1.573073073073073,-0.9535677083333334,-0.00013541666666666666
1.5752752752752754,-0.9624375,0.00014583333333333335
1.5774774774774776,-0.960421875,0.00028125
1.5796796796796797,-0.9655572916666667,-8.854166666666667e-05
1.5818818818818818,-0.9630416666666667,0.00028125
1.5840840840840842,-0.96446875,0.0002552083333333333
1.5862862862862863,-0.9599895833333333,-0.000484375
1.5884884884884887,-0.9565104166666667,1.0416666666666666e-05
1.5906906906906908,-0.944,-0.0006822916666666667
1.592892892892893,-0.9565677083333334,0.00020833333333333335
1.595095095095095,-0.954796875,0.00020833333333333335
1.5972972972972974,-0.9594427083333333,-0.0002708333333333333
1.5994994994994995,-0.9576197916666667,0.00016145833333333333
1.601701701701702,-0.9500104166666666,-1.0416666666666666e-05
1.603903903903904,-0.9603645833333333,-3.6458333333333336e-05
1.6061061061061062,-0.9572916666666667,-0.0003958333333333333
1.6083083083083083,-0.9581145833333333,0.00036458333333333335
1.6105105105105106,-0.9533229166666667,0.00014583333333333335
1.6127127127127128,-0.9599010416666667,-0.0004635416666666667
1.614914914914915,-0.9549583333333334,-0.00046875
1.6171171171171173,-0.958703125,0.00028645833333333333
1.6193193193193194,-0.9601875,0.000546875
1.6215215215215215,-0.95684375,9.895833333333333e-05
1.6237237237237239,-0.950171875,0.001140625
1.625925925925926,-0.9516614583333334,-0.0005833333333333334
1.6281281281281281,-0.956265625,-3.125e-05
1.6303303303303305,-0.956859375,-0.0008802083333333333
1.6325325325325326,-0.9554427083333333,-0.00036979166666666665
1.6347347347347347,-0.94703125,-0.00028645833333333333
1.6369369369369369,-0.9559635416666666,-0.0006302083333333333
1.6391391391391392,-0.9563125,-0.00030729166666666665
1.6413413413413414,-0.95575,0.0002552083333333333
1.6435435435435437,-0.9472604166666667,-0.00019270833333333333
1.6457457457457458,-0.9474635416666667,0.0006302083333333333
1.647947947947948,-0.9547708333333333,0.00047916666666666664
1.65015015015015,-0.9513333333333334,5.208333333333333e-06
1.6523523523523524,-0.9510989583333334,2.0833333333333333e-05
1.6545545545545546,-0.9442604166666667,-0.0006770833333333334
1.656756756756757,-0.9501510416666666,0.0002916666666666667
1.658958958958959,-0.9389114583333333,0.00026041666666666666
1.6611611611611612,-0.942625,-0.00018229166666666667
1.6633633633633633,-0.948484375,9.375e-05
1.6655655655655657,-0.9489322916666667,-6.25e-05
1.6677677677677678,-0.955359375,-5.208333333333334e-05
1.6699699699699702,-0.9512864583333334,0.00032291666666666666
1.6721721721721723,-0.953609375,0.00020833333333333335
1.6743743743743744,-0.9475885416666666,-0.00032291666666666666
1.6765765765765765,-0.946609375,0.0013072916666666667
1.678778778778779,-0.946140625,3.125e-05
1.680980980980981,-0.9479270833333333,0.000515625
1.6831831831831834,-0.9470885416666667,-0.0005572916666666667
1.6853853853853855,-0.9449427083333334,-0.000484375
1.6875875875875876,-0.9395364583333333,6.25e-05
1.6897897897897898,-0.9470885416666667,-0.000109375
1.6919919919919921,-0.941546875,-0.00011458333333333333
1.6941941941941943,-0.9336927083333333,-0.0005729166666666667
1.6963963963963964,-0.938046875,-2.604166666666667e-05
1.6985985985985987,-0.9473125,-0.00021354166666666668
1.7008008008008009,-0.91371875,-0.0003541666666666667
1.703003003003003,-0.9477864583333333,6.770833333333333e-05
1.7052052052052054,-0.9413125,0.0003958333333333333
1.7074074074074075,-0.940109375,-0.00010416666666666667
1.7096096096096096,-0.9452395833333334,0.0012708333333333332
1.711811811811812,-0.9421614583333333,-1.5625e-05
1.714014014014014,-0.9427395833333333,0.00021354166666666668
1.7162162162162162,-0.9369635416666666,0.00014583333333333335
1.7184184184184184,-0.9431354166666667,0.0004166666666666667
1.7206206206206207,-0.9417708333333333,-0.00038541666666666667
1.7228228228228228,-0.938984375,-8.854166666666667e-05
1.7250250250250252,-0.9351197916666667,-0.0003802083333333333
1.7272272272272273,-0.9314270833333333,0.00065625
1.7294294294294295,-0.9353541666666667,0.00013541666666666666
1.7316316316316316,-0.937375,-0.00047395833333333334
1.733833833833834,-0.9361458333333333,0.000796875
1.736036036036036,-0.9360260416666667,-0.0005833333333333334
1.7382382382382384,-0.921265625,0.0008020833333333334
1.7404404404404406,-0.940703125,8.854166666666667e-05
1.7426426426426427,-0.931421875,-0.001265625
1.7448448448448448,-0.929765625,-0.0002760416666666667
1.7470470470470472,-0.927484375,5.208333333333333e-06
1.7492492492492493,-0.9139739583333333,-0.00034375
1.7514514514514516,-0.93775,-0.0003125
1.7536536536536538,-0.9347135416666666,0.0005729166666666667
1.755855855855856,-0.9359635416666666,-0.0005677083333333334
1.758058058058058,-0.9202916666666666,-1.5625e-05
1.7602602602602604,-0.9285833333333333,-1.5625e-05
1.7624624624624625,-0.9337708333333333,-0.000296875
1.7646646646646649,-0.9274947916666667,-3.6458333333333336e-05
1.766866866866867,-0.933328125,-0.0008072916666666667
1.7690690690690691,-0.9325833333333333,0.0008541666666666667
1.7712712712712713,-0.9319895833333334,-0.0001875
1.7734734734734736,-0.9296354166666667,0.0004375
1.7756756756756757,-0.9249427083333334,0.00013541666666666666
1.7778778778778779,-0.918765625,-0.00010416666666666667
1.7800800800800802,-0.9341145833333333,-0.000515625
1.7822822822822824,-0.9242083333333333,-0.00011458333333333333
1.7844844844844845,-0.9272552083333333,-0.00011979166666666666
1.7866866866866868,-0.918875,-0.0003541666666666667
1.788888888888889,-0.9284895833333333,-0.0003958333333333333
1.791091091091091,-0.9299114583333333,-0.0006145833333333333
1.7932932932932935,-0.9263333333333333,-0.00059375
1.7954954954954956,-0.9274322916666666,-0.0002552083333333333
1.7976976976976977,-0.92446875,2.0833333333333333e-05
1.7998998998998998,-0.9200364583333334,0.0003125
1.8021021021021022,-0.9163854166666666,0.0014010416666666668
1.8043043043043043,-0.9195208333333333,0.0004375
1.8065065065065067,-0.9252135416666667,-0.0003385416666666667
1.8087087087087088,-0.9189010416666666,0.00013020833333333333
1.810910910910911,-0.9151302083333334,0.000421875
1.813113113113113,-0.9217083333333334,0.00011979166666666666
1.8153153153153154,-0.9147552083333333,-0.00022395833333333333
1.8175175175175176,-0.9223333333333333,0.0003333333333333333
1.81971971971972,-0.9227552083333334,0.0004166666666666667
1.821921921921922,-0.8937083333333333,-6.25e-05
1.8241241241241242,-0.908125,0.000125
1.8263263263263263,-0.9161614583333333,-0.00020833333333333335
1.8285285285285287,-0.9137916666666667,-0.00015625
1.8307307307307308,-0.9179791666666667,-0.00011458333333333333
1.8329329329329331,-0.9146979166666667,0.000265625
1.8351351351351353,-0.9221822916666667,-3.125e-05
1.8373373373373374,-0.9168125,0.000390625
1.8395395395395395,-0.912234375,0.00011458333333333333
1.8417417417417419,-0.9128385416666667,-6.770833333333333e-05
1.843943943943944,-0.9124166666666667,4.1666666666666665e-05
1.8461461461461464,-0.90265625,0.0009322916666666667
1.8483483483483485,-0.9147604166666666,-0.0005625
1.8505505505505506,-0.9121458333333333,-0.00032291666666666666
1.8527527527527528,-0.910828125,0.00015104166666666667
1.8549549549549549,-0.9081614583333333,-7.8125e-05
1.8571571571571572,-0.8988802083333334,-0.000546875
1.8593593593593596,-0.9090833333333334,-0.00030208333333333335
1.8615615615615617,-0.9137864583333334,0.000671875
1.8637637637637638,-0.895640625,0.001109375
1.865965965965966,-0.9116302083333333,-0.00013020833333333333
1.868168168168168,-0.910328125,-0.00011458333333333333
1.8703703703703705,-0.910421875,0.00023958333333333332
1.8725725725725728,-0.9044427083333333,-0.00013541666666666666
1.874774774774775,-0.88984375,-0.00013020833333333333
1.876976976976977,-0.9112708333333334,0.000375
1.8791791791791792,-0.9093645833333334,0.0005885416666666667
1.8813813813813813,-0.8876197916666667,0.0006041666666666667
1.8835835835835837,-0.8878697916666667,-0.00046875
1.8857857857857858,-0.902125,-7.291666666666667e-05
1.8879879879879882,-0.9053802083333333,4.1666666666666665e-05
1.8901901901901903,-0.8779166666666667,0.0003385416666666667
1.8923923923923924,-0.9033125,0.000359375
1.8945945945945946,-0.8992291666666666,-0.00036458333333333335
1.896796796796797,-0.9002604166666667,-0.00030729166666666665
1.898998998998999,-0.8950052083333333,-0.0003333333333333333
1.9012012012012014,-0.8973177083333334,0.000234375
1.9034034034034035,-0.90234375,-4.1666666666666665e-05
1.9056056056056057,-0.8973958333333333,0.000578125
1.9078078078078078,-0.8963645833333334,-0.0005
1.9100100100100101,-0.8860208333333334,-0.000671875
1.9122122122122123,-0.8960625,-0.00096875
1.9144144144144146,-0.8927864583333334,-0.00021354166666666668
1.9166166166166168,-0.8939166666666667,3.125e-05
1.9188188188188189,-0.8829010416666667,0.0003125
1.921021021021021,-0.8914947916666667,-0.000109375
1.9232232232232234,-0.8770729166666666,0.0009375
1.9254254254254255,-0.8911145833333334,0.0006041666666666667
1.9276276276276278,-0.8911197916666667,-0.0005052083333333333
1.92982982982983,-0.8897708333333333,0.0002708333333333333
1.932032032032032,-0.8846302083333333,0.0006614583333333333
1.9342342342342342,-0.8931145833333334,-0.00015104166666666667
1.9364364364364364,-0.872609375,4.1666666666666665e-05
1.9386386386386387,-0.8819635416666667,-0.00020833333333333335
1.940840840840841,-0.8752760416666666,0.0005260416666666666
1.9430430430430432,-0.8749114583333333,-0.00053125
1.9452452452452453,-0.876765625,0.00036979166666666665
1.9474474474474475,-0.8873854166666667,0.00030729166666666665
1.9496496496496496,-0.8795729166666667,-5.7291666666666666e-05
1.951851851851852,-0.88196875,-9.375e-05
1.9540540540540543,-0.8758958333333333,0.00019791666666666666
1.9562562562562564,-0.8833854166666667,6.25e-05
1.9584584584584586,-0.8760520833333333,0.0006458333333333333
1.9606606606606607,-0.8781197916666666,0.00043229166666666665
1.9628628628628628,-0.8705989583333333,-5.7291666666666666e-05
1.9650650650650652,-0.8796145833333333,0.000234375
1.9672672672672673,-0.8648697916666667,0.00018229166666666667
1.9694694694694697,-0.8734010416666667,-0.0005572916666666667
1.9716716716716718,-0.870953125,0.0005625
1.973873873873874,-0.8717447916666666,-1.0416666666666666e-05
1.976076076076076,-0.8768125,-0.0006666666666666666
1.9782782782782784,-0.8726614583333333,0.000328125
1.9804804804804805,-0.864359375,0.00030729166666666665
1.9826826826826829,-0.8561927083333334,0.00018229166666666667
1.984884884884885,-0.869984375,-0.00016145833333333333
1.9870870870870871,-0.8662864583333333,0.0005520833333333334
1.9892892892892893,-0.8783229166666666,-0.00011458333333333333
1.9914914914914916,-0.8738958333333333,0.00010416666666666667
1.9936936936936938,-0.8721145833333334,0.00023958333333333332
1.995895895895896,-0.8705364583333334,0.00018229166666666667
1.9980980980980982,-0.870703125,0.0004947916666666667
2.0003003003003004,-0.861484375,0.0002708333333333333
2.0025025025025025,-0.8639166666666667,0.0003125
2.0047047047047046,-0.8664114583333333,0.000375
2.0069069069069068,-0.8684375,0.0007395833333333333
2.0091091091091093,-0.8571822916666667,-0.0005833333333333334
2.0113113113113115,-0.8574322916666667,0.00021354166666666668
2.0135135135135136,-0.860203125,0.00047916666666666664
2.0157157157157157,-0.8642916666666667,-4.1666666666666665e-05
2.017917917917918,-0.8654322916666667,0.0006875
2.0201201201201204,-0.8661614583333334,-4.6875e-05
2.0223223223223226,-0.8543177083333333,0.0004010416666666667
2.0245245245245247,-0.8522447916666667,-0.001265625
2.026726726726727,-0.8497447916666667,-0.0006614583333333333
2.028928928928929,-0.8543020833333334,0.00034375
2.031131131131131,-0.8438697916666666,-0.0009739583333333333
2.033333333333333,-0.8477916666666667,-0.00020833333333333335
2.035535535535536,-0.8572239583333333,-0.00019791666666666666
2.037737737737738,-0.8515052083333333,0.00038541666666666667
2.03993993993994,-0.852609375,-0.0005260416666666666
2.042142142142142,-0.843171875,0.0009010416666666666
2.0443443443443443,-0.8375052083333333,0.000234375
2.046546546546547,-0.8475625,-0.0014947916666666666
2.048748748748749,-0.8505208333333333,0.00024479166666666665
2.050950950950951,-0.844671875,0.000171875
2.0531531531531533,-0.8425104166666667,0.000109375
2.0553553553553554,-0.8445572916666667,-0.000609375
2.0575575575575575,-0.8380208333333333,8.854166666666667e-05
2.0597597597597597,-0.83796875,0.0006458333333333333
2.061961961961962,-0.8248854166666667,0.0015833333333333333
2.0641641641641644,-0.8360989583333334,0.0009947916666666666
2.0663663663663665,-0.8354375,0.0
2.0685685685685686,-0.840015625,0.0002760416666666667
2.0707707707707708,-0.828125,0.0010729166666666667
2.0729729729729733,-0.84621875,-9.895833333333333e-05
2.0751751751751755,-0.8277604166666667,6.770833333333333e-05
2.0773773773773776,-0.83021875,7.8125e-05
2.0795795795795797,-0.827734375,7.8125e-05
2.081781781781782,-0.8406041666666667,-8.333333333333333e-05
2.083983983983984,-0.8365885416666666,-2.604166666666667e-05
2.086186186186186,-0.8166510416666667,0.00022395833333333333
2.0883883883883883,-0.829203125,0.0005364583333333333
2.090590590590591,-0.8267239583333333,0.00022916666666666666
2.092792792792793,-0.8275208333333334,-0.000140625
2.094994994994995,-0.83175,3.125e-05
2.097197197197197,-0.8076302083333333,-0.0007239583333333333
2.0993993993993993,-0.815859375,0.0003541666666666667
2.101601601601602,-0.829921875,-5.208333333333333e-06
2.103803803803804,-0.823796875,0.001140625
2.106006006006006,-0.8199583333333333,-0.0005625
2.1082082082082083,-0.8320572916666666,-0.000328125
2.1104104104104104,-0.8200416666666667,-0.0006666666666666666
2.1126126126126126,-0.8068541666666667,0.00046875
2.1148148148148147,-0.815125,-0.000328125
2.1170170170170173,-0.8109166666666666,0.0003125
2.1192192192192194,-0.8212395833333334,0.00028125
2.1214214214214215,-0.8124114583333333,0.00024479166666666665
2.1236236236236237,-0.819671875,-0.0003125
2.125825825825826,-0.793296875,-0.000546875
2.1280280280280284,-0.8031614583333333,0.00023958333333333332
2.1302302302302305,-0.7925416666666667,-0.000453125
2.1324324324324326,-0.8069375,-0.00041145833333333334
2.1346346346346348,-0.810734375,-0.000625
2.136836836836837,-0.8221354166666667,0.00022395833333333333
2.139039039039039,-0.79703125,0.0006822916666666667
2.141241241241241,-0.797421875,-0.0013385416666666667
2.1434434434434433,-0.793203125,0.0006510416666666666
2.145645645645646,-0.80065625,-0.00010416666666666667
2.147847847847848,-0.8031875,-1.5625e-05
2.15005005005005,-0.79521875,2.604166666666667e-05
2.1522522522522523,-0.8054427083333333,-0.00018229166666666667
2.154454454454455,-0.7945833333333333,-0.00103125
2.156656656656657,-0.7892083333333333,0.0002916666666666667
2.158858858858859,-0.793296875,5.208333333333333e-06
2.161061061061061,-0.8026197916666666,-0.0016197916666666667
2.1632632632632633,-0.8025364583333333,0.0014947916666666666
2.1654654654654655,-0.8024010416666667,0.0005520833333333334
2.1676676676676676,-0.7791822916666666,-0.0009166666666666666
2.1698698698698697,-0.7887552083333333,-0.00023958333333333332
2.1720720720720723,-0.761046875,-0.00020833333333333335
2.1742742742742744,-0.79153125,-0.000359375
2.1764764764764766,-0.7821302083333334,1.0416666666666666e-05
2.1786786786786787,-0.7904583333333334,-0.00018229166666666667
2.180880880880881,-0.7948697916666667,8.854166666666667e-05
2.1830830830830834,-0.7777291666666667,0.0007083333333333334
2.1852852852852855,-0.7770364583333333,-0.0007864583333333333
2.1874874874874877,-0.761140625,-9.375e-05
2.18968968968969,-0.775578125,-6.770833333333333e-05
2.191891891891892,-0.7702395833333333,-0.00084375
2.194094094094094,-0.7756614583333333,-0.0003385416666666667
2.196296296296296,-0.7727395833333334,0.0012395833333333334
2.1984984984984988,-0.7739479166666666,-0.0005416666666666666
2.200700700700701,-0.7722239583333333,-0.0007447916666666667
2.202902902902903,-0.7648229166666667,0.0007083333333333334
2.205105105105105,-0.7833958333333333,-0.000125
2.2073073073073073,-0.7688489583333333,0.000890625
2.20950950950951,-0.75353125,-2.604166666666667e-05
2.211711711711712,-0.776453125,-1.0416666666666666e-05
2.213913913913914,-0.752609375,-8.854166666666667e-05
2.2161161161161163,-0.7621927083333333,-0.000875
2.2183183183183184,-0.7605677083333333,0.00030208333333333335
2.2205205205205205,-0.7628489583333333,0.00041145833333333334
2.2227227227227226,-0.7617135416666667,-0.00042708333333333335
2.2249249249249248,-0.711953125,-0.0003177083333333333
2.2271271271271273,-0.7476875,-0.0002708333333333333
2.2293293293293295,-0.746171875,-0.00032291666666666666
2.2315315315315316,-0.7487447916666666,-0.00046875
2.2337337337337337,-0.7146458333333333,0.00078125
2.2359359359359363,-0.7460572916666667,0.0013489583333333333
2.2381381381381384,-0.7256302083333334,-0.00022916666666666666
2.2403403403403406,-0.7528020833333333,-0.000265625
2.2425425425425427,-0.7372083333333334,0.000578125
2.244744744744745,-0.732203125,-0.000453125
2.246946946946947,-0.742671875,-0.0006302083333333333
2.249149149149149,-0.7340729166666666,0.0005
2.2513513513513512,-0.73940625,-0.00013541666666666666
2.253553553553554,-0.7339114583333334,0.0007552083333333333
2.255755755755756,-0.7322135416666666,-0.0004947916666666667
2.257957957957958,-0.7238802083333333,-0.0006145833333333333
2.26016016016016,-0.6998854166666667,-0.00046875
2.2623623623623623,-0.7132708333333333,-0.0003333333333333333
2.264564564564565,-0.7247395833333333,-1.0416666666666666e-05
2.266766766766767,-0.7404427083333334,0.0008854166666666666
2.268968968968969,-0.704046875,-0.0010260416666666666
2.2711711711711713,-0.7206458333333333,-0.000859375
2.2733733733733734,-0.7249947916666667,-0.000375
2.2755755755755755,-0.709859375,0.00028125
2.2777777777777777,-0.6962916666666666,0.0014427083333333334
2.2799799799799803,-0.7217291666666666,-0.0011770833333333334
2.2821821821821824,-0.7112916666666667,0.000171875
2.2843843843843845,-0.723515625,0.00020833333333333335
2.2865865865865866,-0.7015572916666667,2.0833333333333333e-05
2.2887887887887888,-0.6747864583333333,0.00017708333333333335
2.2909909909909913,-0.7077760416666666,3.6458333333333336e-05
2.2931931931931935,-0.6844635416666667,-0.0005364583333333333
2.2953953953953956,-0.7182291666666667,-0.0006458333333333333
2.2975975975975977,-0.6783489583333333,-0.001328125
2.2997997997998,-0.7033177083333333,0.00026041666666666666
2.302002002002002,-0.6900572916666666,0.00024479166666666665
2.304204204204204,-0.7019583333333334,6.25e-05
2.3064064064064063,-0.7114791666666667,0.000609375
2.3086086086086084,-0.6970885416666667,-0.001140625
2.310810810810811,-0.6977760416666666,0.000765625
2.313013013013013,-0.69990625,-0.0006770833333333334
2.3152152152152152,-0.65946875,-0.0008854166666666666
2.317417417417418,-0.6768125,-0.00011458333333333333
2.31961961961962,-0.6832447916666666,-0.001
2.321821821821822,-0.6802239583333334,0.000140625
2.324024024024024,-0.6974010416666667,-0.0010208333333333332
2.3262262262262263,-0.6916510416666667,0.00030729166666666665
2.3284284284284285,-0.685875,0.0008854166666666666
2.3306306306306306,-0.6753541666666667,-0.00103125
2.3328328328328327,-0.68115625,-0.0013125
2.335035035035035,-0.6771197916666667,0.00028645833333333333
2.3372372372372374,-0.6632604166666667,-0.0012864583333333332
2.3394394394394395,-0.6634322916666666,0.0012916666666666667
2.3416416416416417,-0.6905052083333333,-0.0010520833333333333
2.3438438438438443,-0.690515625,0.00010416666666666667
2.3460460460460464,-0.6488697916666667,-0.00030208333333333335
2.3482482482482485,-0.6784947916666667,0.00010416666666666667
2.3504504504504506,-0.6657552083333333,0.00019791666666666666
2.3526526526526528,-0.668625,0.00047395833333333334
2.354854854854855,-0.6616614583333333,0.0007864583333333333
2.357057057057057,-0.6536875,-0.0003333333333333333
2.359259259259259,-0.657703125,-0.00041145833333333334
2.3614614614614613,-0.6593072916666667,3.6458333333333336e-05
2.363663663663664,-0.673015625,-0.0003385416666666667
2.365865865865866,-0.6429114583333333,-0.00021354166666666668
2.368068068068068,-0.6593125,-0.0004166666666666667
2.3702702702702707,-0.6270833333333333,0.0005729166666666667
2.372472472472473,-0.6396666666666667,0.00041145833333333334
2.374674674674675,-0.6219010416666667,0.000671875
2.376876876876877,-0.6244322916666667,-0.0017291666666666666
2.3790790790790792,-0.6394427083333334,-0.00059375
2.3812812812812814,-0.6570572916666667,-0.00011458333333333333
2.3834834834834835,-0.6361302083333333,-6.770833333333333e-05
2.3856856856856856,-0.643046875,0.000375
2.3878878878878878,-0.6291041666666667,7.8125e-05
2.39009009009009,-0.6305520833333333,0.0002916666666666667
2.3922922922922925,-0.6402760416666666,0.0007916666666666666
2.3944944944944946,-0.6316302083333334,-0.0003802083333333333
2.3966966966966967,-0.6341041666666667,3.6458333333333336e-05
2.3988988988988993,-0.6278697916666667,0.000765625
2.4011011011011014,-0.6368072916666667,0.0003802083333333333
2.4033033033033036,-0.6299479166666667,0.0007447916666666667
2.4055055055055057,-0.6325416666666667,0.0014895833333333334
2.407707707707708,-0.634140625,-0.000609375
2.40990990990991,-0.5972708333333333,0.0019166666666666666
2.412112112112112,-0.6189635416666667,0.0009010416666666666
2.414314314314314,-0.6247447916666666,-2.604166666666667e-05
2.4165165165165163,-0.6099166666666667,-0.00034895833333333334
2.418718718718719,-0.5886927083333333,-0.0005833333333333334
2.420920920920921,-0.6217604166666667,7.291666666666667e-05
2.423123123123123,-0.6007916666666666,0.0006666666666666666
2.4253253253253257,-0.598796875,0.000296875
2.427527527527528,-0.6230260416666666,-0.0022708333333333335
2.42972972972973,-0.6232447916666667,-0.000953125
2.431931931931932,-0.5982447916666667,-2.604166666666667e-05
2.4341341341341343,-0.5797916666666667,-0.0006354166666666666
2.4363363363363364,-0.59209375,0.00024479166666666665
2.4385385385385385,-0.6035677083333333,-0.0006197916666666667
2.4407407407407407,-0.6051354166666667,0.000109375
2.442942942942943,-0.5987708333333334,-0.00018229166666666667
2.4451451451451454,-0.5707395833333333,-0.000125
2.4473473473473475,-0.6177291666666667,-0.0011510416666666667
2.4495495495495496,-0.58971875,-0.0010989583333333333
2.451751751751752,-0.6120364583333333,0.00019270833333333333
2.4539539539539543,-0.6005416666666666,-0.000546875
2.4561561561561565,-0.5928229166666666,0.000421875
2.4583583583583586,-0.58725,-0.0019479166666666666
2.4605605605605607,-0.581765625,0.001453125
2.462762762762763,-0.5890052083333334,0.00013020833333333333
2.464964964964965,-0.577359375,-0.0007447916666666667
2.467167167167167,-0.5744635416666667,0.000796875
2.4693693693693692,-0.5713697916666667,0.0011770833333333334
2.4715715715715714,-0.566390625,-0.0007916666666666666
2.473773773773774,-0.5796927083333333,0.00134375
2.475975975975976,-0.5621510416666666,-0.00071875
2.478178178178178,-0.5564479166666667,2.604166666666667e-05
2.480380380380381,-0.5897604166666667,0.0006302083333333333
2.482582582582583,-0.5674479166666667,-0.0005260416666666666
2.484784784784785,-0.5830729166666667,0.0007916666666666666
2.486986986986987,-0.559234375,-0.0013802083333333333
2.4891891891891893,-0.55359375,0.00020833333333333335
2.4913913913913914,-0.56684375,0.001109375
2.4935935935935936,-0.5701770833333333,-1.0416666666666666e-05
2.4957957957957957,-0.553640625,-0.0014375
2.497997997997998,-0.5713333333333334,0.0002708333333333333
2.5002002002002004,-0.57446875,0.00021875
2.5024024024024025,-0.5618697916666666,0.00047395833333333334
2.5046046046046047,-0.5732135416666667,-0.00019270833333333333
2.5068068068068072,-0.5485885416666667,0.0011979166666666666
2.5090090090090094,-0.5487447916666667,-0.0014375
2.5112112112112115,-0.5548697916666666,0.000703125
2.5134134134134136,-0.558875,-0.00015104166666666667
2.5156156156156158,-0.5385833333333333,-0.0006197916666666667
2.517817817817818,-0.5751614583333333,-0.00023958333333333332
2.52002002002002,-0.5501770833333334,0.0022447916666666666
2.522222222222222,-0.5431822916666667,-0.00041145833333333334
2.5244244244244243,-0.57028125,0.0014010416666666668
2.526626626626627,-0.5495989583333334,-0.0010208333333333332
2.528828828828829,-0.566515625,-0.0007864583333333333
2.531031031031031,-0.545421875,0.0009114583333333333
2.5332332332332337,-0.544640625,-0.000125
2.535435435435436,-0.5467604166666666,-7.8125e-05
2.537637637637638,-0.5444635416666667,-3.6458333333333336e-05
2.53983983983984,-0.5535104166666667,0.0007083333333333334
2.542042042042042,-0.5393958333333333,-0.00036979166666666665
2.5442442442442443,-0.5302239583333334,0.0002916666666666667
2.5464464464464465,-0.55609375,0.00036979166666666665
2.5486486486486486,-0.5398697916666667,0.0017760416666666667
2.5508508508508507,-0.5342916666666667,0.0006197916666666667
2.553053053053053,-0.53371875,-0.0008489583333333333
2.5552552552552554,-0.547078125,-0.00023958333333333332
2.5574574574574576,-0.5328958333333333,0.000484375
2.5596596596596597,-0.5194479166666667,-0.0009427083333333334
2.5618618618618623,-0.5183645833333334,0.0006927083333333334
2.5640640640640644,-0.5237552083333333,-0.0018697916666666667
2.5662662662662665,-0.5413697916666667,-0.00032291666666666666
2.5684684684684687,-0.533296875,0.0004375
2.570670670670671,-0.5305989583333334,0.0016770833333333334
2.572872872872873,-0.5227552083333333,0.000203125
2.575075075075075,-0.5220208333333334,0.0006927083333333334
2.577277277277277,-0.5316614583333333,-0.00011979166666666666
2.5794794794794793,-0.5319375,0.000828125
2.581681681681682,-0.5238072916666666,-0.00028645833333333333
2.583883883883884,-0.525703125,0.0001875
2.586086086086086,-0.5265572916666666,-0.000671875
2.5882882882882887,-0.5248854166666667,-0.00078125
2.590490490490491,-0.5103177083333333,-0.000171875
2.592692692692693,-0.5192604166666667,0.000234375
2.594894894894895,-0.5253802083333333,0.000828125
2.5970970970970972,-0.5263385416666667,0.00010416666666666667
2.5992992992992994,-0.523296875,0.001125
2.6015015015015015,-0.5179479166666666,-9.895833333333333e-05
2.6037037037037036,-0.528609375,3.6458333333333336e-05
2.6059059059059058,-0.51478125,0.0010052083333333334
2.6081081081081083,-0.5237760416666667,-0.00053125
2.6103103103103105,-0.5011041666666667,-0.000765625
2.6125125125125126,-0.5114322916666667,0.00019270833333333333
2.614714714714715,-0.5185364583333333,0.0005364583333333333
2.6169169169169173,-0.5172135416666667,0.0006510416666666666
2.6191191191191194,-0.516890625,0.0002708333333333333
2.6213213213213216,-0.511375,0.0004166666666666667
2.6235235235235237,-0.5176302083333333,0.001234375
2.625725725725726,-0.5087083333333333,-3.125e-05
2.627927927927928,-0.5012916666666667,-0.000640625
2.63013013013013,-0.4961510416666667,-0.00071875
2.632332332332332,-0.51965625,0.0008645833333333333
2.6345345345345343,-0.5041666666666667,-0.0018958333333333334
2.636736736736737,-0.5100052083333333,-0.00196875
2.638938938938939,-0.5002239583333333,-0.0010989583333333333
2.641141141141141,-0.500875,-0.00026041666666666666
2.6433433433433438,-0.49706770833333336,0.0004166666666666667
2.645545545545546,-0.5007916666666666,0.0013020833333333333
2.647747747747748,-0.49291145833333333,0.0009895833333333334
2.64994994994995,-0.49466666666666664,0.0006927083333333334
2.6521521521521523,-0.5019791666666666,-0.0012083333333333334
2.6543543543543544,-0.49733333333333335,0.00019270833333333333
2.6565565565565565,-0.5010729166666666,-0.0021510416666666666
2.6587587587587587,-0.49902604166666664,0.0014635416666666666
2.660960960960961,-0.49558854166666666,-0.0016458333333333333
2.6631631631631634,-0.49591145833333333,-0.0007916666666666666
2.6653653653653655,-0.48754166666666665,0.00043229166666666665
2.6675675675675676,-0.49091145833333333,0.0011666666666666668
2.66976976976977,-0.4907239583333333,1.0416666666666666e-05
2.6719719719719723,-0.4985625,-0.00017708333333333335
2.6741741741741745,-0.5015520833333333,0.0005625
2.6763763763763766,-0.4975,0.0010677083333333333
2.6785785785785787,-0.4872916666666667,-0.0008385416666666667
2.680780780780781,-0.48346354166666666,0.00036458333333333335
2.682982982982983,-0.48302083333333334,-0.0011614583333333334
2.685185185185185,-0.485265625,-0.001
2.6873873873873872,-0.4807916666666667,0.00075
2.68958958958959,-0.5026666666666667,-0.00053125
2.691791791791792,-0.493234375,0.0009270833333333334
2.693993993993994,-0.4860729166666667,-0.0004947916666666667
2.6961961961961967,-0.48825520833333336,-0.000875
2.698398398398399,-0.489625,-0.00047395833333333334
2.700600600600601,-0.47688020833333333,0.0007135416666666667
2.702802802802803,-0.48849479166666665,-0.00125
2.705005005005005,-0.48159375,0.0005364583333333333
2.7072072072072073,-0.4788385416666667,0.000859375
2.7094094094094094,-0.4772135416666667,0.00024479166666666665
2.7116116116116116,-0.4794375,-0.00020833333333333335
2.7138138138138137,-0.48459375,-5.7291666666666666e-05
2.716016016016016,-0.470890625,-0.000828125
2.7182182182182184,-0.4770625,-0.00021354166666666668
2.7204204204204205,-0.4822447916666667,0.0007395833333333333
2.7226226226226227,-0.47353125,0.00178125
2.7248248248248252,-0.48015625,-0.0007552083333333333
2.7270270270270274,-0.47990625,0.0009739583333333333
2.7292292292292295,-0.4700885416666667,8.854166666666667e-05
2.7314314314314316,-0.4781458333333333,-0.00059375
2.7336336336336338,-0.471734375,-0.0009166666666666666
2.735835835835836,-0.4707604166666667,-0.0008958333333333333
2.738038038038038,-0.4703541666666667,-0.00234375
2.74024024024024,-0.47284375,0.00010416666666666667
2.7424424424424423,-0.474765625,0.0011302083333333333
2.744644644644645,-0.46747395833333333,0.00014583333333333335
2.746846846846847,-0.4662864583333333,0.00020833333333333335
2.749049049049049,-0.47698958333333336,-0.0007760416666666666
2.7512512512512517,-0.46889583333333335,-0.00043229166666666665
2.753453453453454,-0.46738541666666666,0.0016302083333333333
2.755655655655656,-0.4712395833333333,0.000890625
2.757857857857858,-0.474421875,-0.0008958333333333333
2.76006006006006,-0.45886458333333335,0.0009322916666666667
2.7622622622622623,-0.46922916666666664,0.0019166666666666666
2.7644644644644645,-0.47547395833333334,-0.0007708333333333333
2.7666666666666666,-0.4584375,0.00010416666666666667
2.7688688688688687,-0.464609375,-0.0002708333333333333
2.7710710710710713,-0.4698125,-0.001015625
2.7732732732732734,-0.45328125,-0.0003125
2.7754754754754756,-0.4642291666666667,-0.0006197916666666667
2.777677677677678,-0.45647916666666666,-0.001125
2.7798798798798803,-0.46275520833333333,-0.00041145833333333334
2.7820820820820824,-0.45709375,0.0005520833333333334
2.7842842842842845,-0.456890625,-0.001328125
2.7864864864864867,-0.45734375,-0.0011822916666666666
2.788688688688689,-0.45566666666666666,-0.0016354166666666667
2.790890890890891,-0.455203125,0.0007291666666666667
2.793093093093093,-0.45186458333333335,-0.0017708333333333332
2.795295295295295,-0.455640625,-0.0022395833333333334
2.7974974974974973,-0.46044270833333334,0.0012708333333333332
2.7996996996997,-0.4589739583333333,-0.0007291666666666667
2.801901901901902,-0.45697916666666666,0.0005572916666666667
2.804104104104104,-0.4525625,0.0011145833333333333
2.8063063063063067,-0.45894270833333334,0.00047395833333333334
2.808508508508509,-0.450203125,-0.000140625
2.810710710710711,-0.442203125,0.0005833333333333334
2.812912912912913,-0.44581770833333334,-0.0014479166666666666
2.8151151151151153,-0.44965625,-0.000359375
2.8173173173173174,-0.4475572916666667,-0.0010364583333333332
2.8195195195195195,-0.4522083333333333,-0.00015625
2.8217217217217216,-0.44869270833333336,-0.00011458333333333333
2.8239239239239238,-0.451984375,0.0005260416666666666
2.8261261261261263,-0.44984375,-0.00021875
2.8283283283283285,-0.4575677083333333,0.000265625
2.8305305305305306,-0.44790104166666667,0.0017395833333333334
2.832732732732733,-0.44685416666666666,-0.0005520833333333334
2.8349349349349353,-0.457546875,9.895833333333333e-05
2.8371371371371374,-0.44386458333333334,-0.000359375
2.8393393393393396,-0.4484270833333333,0.000171875
2.8415415415415417,-0.4412552083333333,0.000203125
2.843743743743744,-0.43328125,-0.00011979166666666666
2.845945945945946,-0.4425572916666667,0.00026041666666666666
2.848148148148148,-0.44840625,0.000421875
2.8503503503503502,-0.4430364583333333,-0.000625
2.852552552552553,-0.44092708333333336,0.0006979166666666667
2.854754754754755,-0.4403125,-0.00019270833333333333
2.856956956956957,-0.4325625,-0.0019270833333333334
2.8591591591591596,-0.43921875,0.0005572916666666667
2.8613613613613618,-0.4373229166666667,-0.0005572916666666667
2.863563563563564,-0.43784375,-0.000203125
2.865765765765766,-0.437203125,0.0005
2.867967967967968,-0.43795833333333334,0.00034375
2.8701701701701703,-0.4367916666666667,-0.0009375
2.8723723723723724,-0.4360625,-0.00041145833333333334
2.8745745745745745,-0.43180729166666665,-0.0013854166666666667
2.8767767767767767,-0.43943229166666664,0.0007135416666666667
2.878978978978979,-0.445875,2.0833333333333333e-05
2.8811811811811814,-0.428109375,-0.00075
2.8833833833833835,-0.4343385416666667,-0.00034375
2.8855855855855856,-0.4358020833333333,-0.00115625
2.887787787787788,-0.431515625,-0.0011145833333333333
2.8899899899899903,-0.43322916666666667,-0.0003125
2.8921921921921925,-0.435125,0.0011510416666666667
2.8943943943943946,-0.441609375,0.00028125
2.8965965965965967,-0.43165625,-0.0005104166666666666
2.898798798798799,-0.42736979166666667,-0.0009479166666666667
2.901001001001001,-0.431765625,-0.00071875
2.903203203203203,-0.4344427083333333,-0.001078125
2.9054054054054053,-0.426,0.0003333333333333333
2.907607607607608,-0.4226979166666667,-0.00030729166666666665
2.90980980980981,-0.416328125,0.0035104166666666665
2.912012012012012,-0.429859375,-0.0010677083333333333
2.9142142142142147,-0.42690625,-0.000546875
2.916416416416417,-0.425859375,-0.0009947916666666666
2.918618618618619,-0.424828125,0.0004166666666666667
2.920820820820821,-0.42440104166666665,0.0
2.923023023023023,-0.4218177083333333,0.0015729166666666667
2.9252252252252253,-0.4212604166666667,0.001515625
2.9274274274274275,-0.42504166666666665,0.001963541666666667
2.9296296296296296,-0.423,0.0007083333333333334
2.9318318318318317,-0.4198645833333333,-0.0006197916666666667
2.9340340340340343,-0.417828125,0.0005416666666666666
2.9362362362362364,-0.4168177083333333,-0.00096875
2.9384384384384385,-0.426609375,-0.0007552083333333333
2.940640640640641,-0.4258958333333333,-0.0012083333333333334
2.9428428428428433,-0.41894270833333336,0.0003333333333333333
2.9450450450450454,-0.419703125,-0.0004375
2.9472472472472475,-0.415234375,0.00024479166666666665
2.9494494494494496,-0.422,0.000515625
2.9516516516516518,-0.41641666666666666,0.00021354166666666668
2.953853853853854,-0.42104166666666665,-0.00030729166666666665
2.956056056056056,-0.414640625,8.333333333333333e-05
2.958258258258258,-0.4177708333333333,0.00134375
2.9604604604604603,-0.4136875,7.8125e-05
2.962662662662663,-0.4131666666666667,0.0009010416666666666
2.964864864864865,-0.41577604166666665,0.0008385416666666667
2.967067067067067,-0.41403125,0.0023125
2.9692692692692697,-0.40846354166666665,-0.0008177083333333334
2.971471471471472,-0.41132291666666665,-0.000265625
2.973673673673674,-0.41221875,-0.0005260416666666666
2.975875875875876,-0.414640625,-0.00125
2.9780780780780782,-0.41502083333333334,8.854166666666667e-05
2.9802802802802804,-0.4145625,-0.0009947916666666666
2.9824824824824825,-0.4158854166666667,0.0011614583333333334
2.9846846846846846,-0.4139791666666667,-0.0004947916666666667
2.9868868868868867,-0.4121927083333333,-0.00021875
2.9890890890890893,-0.4123125,-0.00040625
2.9912912912912915,-0.41374479166666667,-0.0017239583333333334
2.9934934934934936,-0.40856770833333333,-0.0015260416666666666
2.995695695695696,-0.407046875,0.002234375
2.9978978978978983,-0.413640625,0.0022864583333333335
3.0001001001001004,-0.406890625,0.00016145833333333333
3.0023023023023026,-0.409453125,0.001109375
3.0045045045045047,-0.39953645833333334,-0.0004010416666666667
3.006706706706707,-0.4068125,0.0005729166666666667
3.008908908908909,-0.40698958333333335,0.000140625
3.011111111111111,-0.40461458333333333,-0.0012552083333333334
3.013313313313313,-0.40201041666666665,0.0005364583333333333
3.0155155155155158,-0.399578125,-0.0013854166666666667
3.017717717717718,-0.404484375,0.001375
3.01991991991992,-0.4075625,-0.000515625
3.0221221221221226,-0.40269791666666666,-0.0011875
3.0243243243243247,-0.403453125,-0.0004895833333333333
3.026526526526527,-0.40513020833333335,0.0009895833333333334
3.028728728728729,-0.40775,0.0005520833333333334
3.030930930930931,-0.4026927083333333,-0.000171875
3.0331331331331333,-0.4093177083333333,0.0020208333333333332
3.0353353353353354,-0.40261979166666667,0.0
3.0375375375375375,-0.40251041666666665,0.0004635416666666667
3.0397397397397397,-0.405875,0.00047395833333333334
3.041941941941942,-0.396125,0.0009166666666666666
3.0441441441441444,-0.39965104166666665,-0.00010416666666666667
3.0463463463463465,-0.39625520833333333,-0.0013020833333333333
3.0485485485485486,-0.40166145833333333,0.000921875
3.050750750750751,-0.40034895833333334,0.00013541666666666666
3.0529529529529533,-0.4010208333333333,-0.00047395833333333334
3.0551551551551555,-0.39722395833333335,-9.375e-05
3.0573573573573576,-0.3997760416666667,0.0007083333333333334
3.0595595595595597,-0.4036875,1.0416666666666666e-05
3.061761761761762,-0.39580208333333333,0.000671875
3.063963963963964,-0.3974479166666667,-0.00046875
3.066166166166166,-0.401359375,0.0008229166666666667
3.0683683683683682,-0.3939010416666667,0.000578125
3.070570570570571,-0.39140104166666667,0.0012760416666666666
3.072772772772773,-0.3914739583333333,0.00032291666666666666
3.074974974974975,-0.3949166666666667,3.125e-05
3.0771771771771776,-0.3949010416666667,0.00022916666666666666
3.0793793793793798,-0.391359375,0.0015625
3.081581581581582,-0.3895416666666667,0.0009583333333333333
3.083783783783784,-0.3912083333333333,0.00020833333333333335
3.085985985985986,-0.3941822916666667,0.00032291666666666666
3.0881881881881883,-0.390296875,-0.00013541666666666666
3.0903903903903904,-0.39005729166666664,0.0014166666666666668
3.0925925925925926,-0.394125,-4.6875e-05
3.0947947947947947,-0.3905104166666667,0.00084375
3.0969969969969973,-0.393734375,-0.000375
3.0991991991991994,-0.38671875,0.00022916666666666666
3.1014014014014015,-0.39044270833333333,-0.0010364583333333332
3.103603603603604,-0.39241145833333335,0.0006927083333333334
3.1058058058058062,-0.3887760416666667,0.0006927083333333334
3.1080080080080084,-0.38966666666666666,0.000265625
3.1102102102102105,-0.38971875,0.0007708333333333333
3.1124124124124126,-0.3885208333333333,0.002078125
3.1146146146146148,-0.38815625,0.00022395833333333333
3.116816816816817,-0.384390625,-0.0006979166666666667
3.119019019019019,-0.3845885416666667,0.0011354166666666667
3.121221221221221,-0.3884166666666667,-0.0011458333333333333
3.1234234234234233,-0.386359375,-0.00190625
3.125625625625626,-0.38227083333333334,-0.0007760416666666666
3.127827827827828,-0.387421875,0.00016145833333333333
3.13003003003003,-0.3874739583333333,0.000625
3.1322322322322327,-0.386203125,-0.0020208333333333332
3.134434434434435,-0.387609375,-0.0007760416666666666
3.136636636636637,-0.3795,-0.00053125
3.138838838838839,-0.381671875,0.001203125
3.141041041041041,-0.38440104166666667,0.000390625
3.1432432432432433,-0.38281770833333334,-0.0015260416666666666
3.1454454454454455,-0.383265625,0.0008958333333333333
3.1476476476476476,-0.3807552083333333,0.0006770833333333334
3.1498498498498497,-0.37459895833333334,-0.0005625
3.1520520520520523,-0.37799479166666666,0.00221875
3.1542542542542544,-0.3770625,-0.00016145833333333333
3.1564564564564566,-0.378171875,0.00022916666666666666
3.158658658658659,-0.3795104166666667,-0.000328125
3.1608608608608613,-0.3818229166666667,0.0003958333333333333
3.1630630630630634,-0.37908854166666667,-0.00165625
3.1652652652652655,-0.37688541666666664,-0.0011510416666666667
3.1674674674674677,-0.3809635416666667,0.0002760416666666667
3.16966966966967,-0.3792760416666667,-0.001859375
3.171871871871872,-0.38073958333333335,-0.0005208333333333333
3.174074074074074,-0.37491145833333334,-0.000609375
3.176276276276276,-0.37390625,-0.0010833333333333333
3.1784784784784788,-0.38014583333333335,-0.001265625
3.180680680680681,-0.372640625,0.001765625
3.182882882882883,-0.3745,0.001578125
3.1850850850850856,-0.37142708333333335,0.0015572916666666667
3.1872872872872877,-0.3789895833333333,0.0005677083333333334
3.18948948948949,-0.3700364583333333,0.0005104166666666666
3.191691691691692,-0.37397916666666664,9.375e-05
3.193893893893894,-0.37315625,0.0005625
3.1960960960960962,-0.37126041666666665,-0.0013333333333333333
3.1982982982982984,-0.36966145833333336,0.00016666666666666666
3.2005005005005005,-0.37150520833333334,-0.0003541666666666667
3.2027027027027026,-0.370359375,0.001484375
3.2049049049049048,-0.3713385416666667,-9.895833333333333e-05
3.2071071071071073,-0.373046875,0.000328125
3.2093093093093095,-0.3733697916666667,-0.0003177083333333333
3.2115115115115116,-0.37282291666666667,-0.0003385416666666667
3.213713713713714,-0.3655572916666667,0.0011666666666666668
3.2159159159159163,-0.3706041666666667,-0.0015364583333333333
3.2181181181181184,-0.37277083333333333,-0.00047916666666666664
3.2203203203203206,-0.36747395833333335,-0.0012135416666666666
3.2225225225225227,-0.3684791666666667,0.00040625
3.224724724724725,-0.36771354166666664,-0.0018177083333333333
3.226926926926927,-0.371234375,0.0014166666666666668
3.229129129129129,-0.36802083333333335,0.0009114583333333333
3.231331331331331,-0.3731041666666667,0.00096875
3.233533533533534,-0.37021354166666665,-0.000109375
3.235735735735736,-0.365515625,0.0015
3.237937937937938,-0.36385416666666665,-0.000703125
3.2401401401401406,-0.36573958333333334,-0.0007604166666666666
3.2423423423423428,-0.3619895833333333,0.002046875
3.244544544544545,-0.3636666666666667,0.0006145833333333333
3.246746746746747,-0.3623854166666667,-0.0010885416666666667
3.248948948948949,-0.3665260416666667,0.0011979166666666666
3.2511511511511513,-0.3624114583333333,8.854166666666667e-05
3.2533533533533534,-0.36314583333333333,0.0012239583333333334
3.2555555555555555,-0.3622135416666667,0.0018229166666666667
3.2577577577577577,-0.36609895833333334,-0.0007552083333333333
3.2599599599599602,-0.36563541666666666,0.0004635416666666667
3.2621621621621624,-0.3621875,0.0011822916666666666
3.2643643643643645,-0.357234375,-0.000171875
3.266566566566567,-0.3623645833333333,-0.0019114583333333334
3.268768768768769,-0.3608854166666667,-0.00034375
3.2709709709709713,-0.36441666666666667,-0.000546875
3.2731731731731735,-0.35865104166666667,0.000765625
3.2753753753753756,-0.35880208333333335,0.00103125
3.2775775775775777,-0.3582916666666667,-0.002140625
3.27977977977978,-0.36115625,8.333333333333333e-05
3.281981981981982,-0.3591666666666667,-0.0008177083333333334
3.284184184184184,-0.3589322916666667,0.001125
3.2863863863863862,-0.3570260416666667,-0.0011302083333333333
3.288588588588589,-0.35841666666666666,0.0009895833333333334
3.290790790790791,-0.35388020833333333,0.00178125
3.292992992992993,-0.35575,-0.00043229166666666665
3.2951951951951957,-0.353765625,0.0025416666666666665
3.297397397397398,-0.3559791666666667,0.00016666666666666666
3.2995995995996,-0.35678125,-0.0012291666666666666
3.301801801801802,-0.3554791666666667,-0.0002552083333333333
3.304004004004004,-0.3605,-0.00047916666666666664
3.3062062062062063,-0.35415104166666667,-0.0030885416666666665
3.3084084084084084,-0.35709375,0.0013333333333333333
3.3106106106106106,-0.355546875,-0.0012864583333333332
3.3128128128128127,-0.35277604166666665,0.0020364583333333333
3.315015015015015,-0.35301041666666666,-0.00018229166666666667
3.317217217217217,-0.3564583333333333,-0.00021875
3.31941941941942,-0.349953125,0.00028645833333333333
3.321621621621622,-0.35836979166666666,-0.001125
3.3238238238238242,-0.35369791666666667,-0.0003333333333333333
3.3260260260260264,-0.3542135416666667,-0.0015208333333333332
3.3282282282282285,-0.35234895833333335,0.000125
3.3304304304304306,-0.35365104166666667,0.0012083333333333334
3.3326326326326328,-0.35269791666666667,0.0005104166666666666
3.334834834834835,-0.352078125,0.00059375
3.337037037037037,-0.35144270833333335,-0.00034375
3.339239239239239,-0.349703125,0.0014947916666666666
3.3414414414414413,-0.351046875,0.0013854166666666667
3.3436436436436434,-0.3536458333333333,0.0007604166666666666
3.3458458458458464,-0.3497708333333333,0.00041145833333333334
3.3480480480480486,-0.3542135416666667,-0.001609375
3.3502502502502507,-0.3511875,-0.000390625
3.352452452452453,-0.34838020833333333,-0.000203125
3.354654654654655,-0.3515520833333333,0.00013020833333333333
3.356856856856857,-0.3457135416666667,-0.0009270833333333334
3.359059059059059,-0.34865104166666666,-0.0025260416666666665
3.3612612612612613,-0.3549114583333333,0.0008020833333333334
3.3634634634634635,-0.35016145833333334,-0.000671875
3.3656656656656656,-0.34783854166666667,0.0006822916666666667
3.3678678678678677,-0.348296875,0.0006197916666666667
3.37007007007007,-0.34546354166666665,-0.002125
3.372272272272273,-0.34906770833333334,-0.00028645833333333333
3.374474474474475,-0.3454375,0.0011302083333333333
3.376676676676677,-0.344015625,0.0015260416666666666
3.3788788788788793,-0.34708333333333335,-0.0002552083333333333
3.3810810810810814,-0.346359375,-0.00011979166666666666
3.3832832832832835,-0.344328125,-0.0010885416666666667
3.3854854854854857,-0.3430989583333333,-0.0008020833333333334
3.387687687687688,-0.3450885416666667,0.00011979166666666666
3.38988988988989,-0.34403125,-0.0006302083333333333
3.392092092092092,-0.336859375,0.00022395833333333333
3.394294294294294,-0.345546875,-0.00175
3.3964964964964963,-0.33977604166666664,-0.0010677083333333333
3.3986986986986985,-0.34119791666666666,-0.00028125
3.4009009009009015,-0.34415625,0.00047395833333333334
3.4031031031031036,-0.33986979166666664,0.000578125
3.4053053053053057,-0.33844270833333334,-0.0013020833333333333
3.407507507507508,-0.3399375,-0.00028645833333333333
3.40970970970971,-0.3397864583333333,-0.00032291666666666666
3.411911911911912,-0.3357864583333333,0.00044791666666666667
3.4141141141141143,-0.33834895833333334,-0.00019791666666666666
3.4163163163163164,-0.33894270833333334,0.000171875
3.4185185185185185,-0.34211458333333333,0.00018229166666666667
3.4207207207207206,-0.34201041666666665,0.0012760416666666666
3.4229229229229228,-0.33816145833333333,-0.0016875
3.425125125125125,-0.3383072916666667,0.0011145833333333333
3.427327327327328,-0.33866145833333333,-0.00034895833333333334
3.42952952952953,-0.34171875,-0.0006145833333333333
3.431731731731732,-0.3401666666666667,-0.00021875
3.4339339339339343,-0.3327291666666667,-0.0004947916666666667
3.4361361361361364,-0.3395885416666667,-0.0008697916666666667
3.4383383383383386,-0.339125,0.000921875
3.4405405405405407,-0.3369375,-0.0016510416666666668
3.442742742742743,-0.33484895833333334,-0.0005260416666666666
3.444944944944945,-0.33870833333333333,-0.0026875
3.447147147147147,-0.33953125,-0.0004166666666666667
3.4493493493493492,-0.3376875,0.0006510416666666666
3.4515515515515514,-0.336296875,0.00196875
3.4537537537537544,-0.33547916666666666,0.0015989583333333333
3.4559559559559565,-0.338875,0.0001875
3.4581581581581586,-0.34102083333333333,0.0005625
3.4603603603603608,-0.33465104166666665,-0.00011979166666666666
3.462562562562563,-0.336421875,-0.00019791666666666666
3.464764764764765,-0.33263020833333334,0.0029375
3.466966966966967,-0.3351458333333333,-0.0008385416666666667
3.4691691691691693,-0.329984375,0.0008645833333333333
3.4713713713713714,-0.33307291666666666,0.001671875
3.4735735735735735,-0.3323541666666667,-0.0007447916666666667
3.4757757757757757,-0.32838541666666665,-0.0007708333333333333
3.477977977977978,-0.3340677083333333,-0.0007916666666666666
3.48018018018018,-0.330890625,-0.0004583333333333333
3.482382382382383,-0.335359375,0.0011302083333333333
3.484584584584585,-0.33320833333333333,-0.001671875
3.486786786786787,-0.33539583333333334,0.001515625
3.4889889889889893,-0.32993229166666665,0.0009427083333333334
3.4911911911911915,-0.3282083333333333,0.0005260416666666666
3.4933933933933936,-0.33044270833333333,0.0016666666666666668
3.4955955955955957,-0.3278125,0.00026041666666666666
3.497797797797798,-0.32917708333333334,4.1666666666666665e-05
3.5,-0.32998958333333334,-0.0005052083333333333
